crypto_name,correlation
Binance Coin,-0.09075222549417768
Bitcoin,0.020305282162880352
Cardano,0.030446758062969946
Ethereum,0.1021309165228667
Solana,-0.11318027669602929
